Category,Count,Percentage
Moderate,970,32.08733046642408
Poor,648,21.4356599404565
No Data,631,20.87330466424082
Satisfactory,476,15.745947734039035
Very Poor,268,8.865365530929541
Good,26,0.8600727753886867
Severe,4,0.13231888852133644
